run_id,run_number,commit_sha,commit_message,status,workflow_duration,job_name,job_duration,step_name,step_duration,test_count,test_failures,test_duration,test_average_time,test_data_source,timestamp,scenario,html_url
27202287976,55,d498cb8404c05ba69ac15d5d0746f82b42de2b9c,experiment: return to stable final profile,success,37.0,tests,29.0,Set up job,1.0,15,0,0.0,0.0,commit_profile_and_step_duration,2026-06-09T11:13:23Z,stable-final,https://github.com/odanielaugusto/Ponderada_Hermano_ASCII/actions/runs/27202287976
27202287976,55,d498cb8404c05ba69ac15d5d0746f82b42de2b9c,experiment: return to stable final profile,success,37.0,tests,29.0,Checkout,0.0,15,0,0.0,0.0,commit_profile_and_step_duration,2026-06-09T11:13:23Z,stable-final,https://github.com/odanielaugusto/Ponderada_Hermano_ASCII/actions/runs/27202287976
27202287976,55,d498cb8404c05ba69ac15d5d0746f82b42de2b9c,experiment: return to stable final profile,success,37.0,tests,29.0,Setup Python,6.0,15,0,0.0,0.0,commit_profile_and_step_duration,2026-06-09T11:13:23Z,stable-final,https://github.com/odanielaugusto/Ponderada_Hermano_ASCII/actions/runs/27202287976
27202287976,55,d498cb8404c05ba69ac15d5d0746f82b42de2b9c,experiment: return to stable final profile,success,37.0,tests,29.0,Install dependencies,16.0,15,0,0.0,0.0,commit_profile_and_step_duration,2026-06-09T11:13:23Z,stable-final,https://github.com/odanielaugusto/Ponderada_Hermano_ASCII/actions/runs/27202287976
27202287976,55,d498cb8404c05ba69ac15d5d0746f82b42de2b9c,experiment: return to stable final profile,success,37.0,tests,29.0,Run Pytest,0.0,15,0,0.0,0.0,commit_profile_and_step_duration,2026-06-09T11:13:23Z,stable-final,https://github.com/odanielaugusto/Ponderada_Hermano_ASCII/actions/runs/27202287976
27202287976,55,d498cb8404c05ba69ac15d5d0746f82b42de2b9c,experiment: return to stable final profile,success,37.0,tests,29.0,Write run metadata,0.0,15,0,0.0,0.0,commit_profile_and_step_duration,2026-06-09T11:13:23Z,stable-final,https://github.com/odanielaugusto/Ponderada_Hermano_ASCII/actions/runs/27202287976
27202287976,55,d498cb8404c05ba69ac15d5d0746f82b42de2b9c,experiment: return to stable final profile,success,37.0,tests,29.0,Upload test artifact,1.0,15,0,0.0,0.0,commit_profile_and_step_duration,2026-06-09T11:13:23Z,stable-final,https://github.com/odanielaugusto/Ponderada_Hermano_ASCII/actions/runs/27202287976
27202287976,55,d498cb8404c05ba69ac15d5d0746f82b42de2b9c,experiment: return to stable final profile,success,37.0,tests,29.0,Post Setup Python,1.0,15,0,0.0,0.0,commit_profile_and_step_duration,2026-06-09T11:13:23Z,stable-final,https://github.com/odanielaugusto/Ponderada_Hermano_ASCII/actions/runs/27202287976
27202287976,55,d498cb8404c05ba69ac15d5d0746f82b42de2b9c,experiment: return to stable final profile,success,37.0,tests,29.0,Post Checkout,0.0,15,0,0.0,0.0,commit_profile_and_step_duration,2026-06-09T11:13:23Z,stable-final,https://github.com/odanielaugusto/Ponderada_Hermano_ASCII/actions/runs/27202287976
27202287976,55,d498cb8404c05ba69ac15d5d0746f82b42de2b9c,experiment: return to stable final profile,success,37.0,tests,29.0,Complete job,0.0,15,0,0.0,0.0,commit_profile_and_step_duration,2026-06-09T11:13:23Z,stable-final,https://github.com/odanielaugusto/Ponderada_Hermano_ASCII/actions/runs/27202287976
27202287976,55,d498cb8404c05ba69ac15d5d0746f82b42de2b9c,experiment: return to stable final profile,success,37.0,lint,22.0,Set up job,0.0,15,0,0.0,0.0,commit_profile_and_step_duration,2026-06-09T11:13:23Z,stable-final,https://github.com/odanielaugusto/Ponderada_Hermano_ASCII/actions/runs/27202287976
27202287976,55,d498cb8404c05ba69ac15d5d0746f82b42de2b9c,experiment: return to stable final profile,success,37.0,lint,22.0,Checkout,1.0,15,0,0.0,0.0,commit_profile_and_step_duration,2026-06-09T11:13:23Z,stable-final,https://github.com/odanielaugusto/Ponderada_Hermano_ASCII/actions/runs/27202287976
27202287976,55,d498cb8404c05ba69ac15d5d0746f82b42de2b9c,experiment: return to stable final profile,success,37.0,lint,22.0,Setup Python,3.0,15,0,0.0,0.0,commit_profile_and_step_duration,2026-06-09T11:13:23Z,stable-final,https://github.com/odanielaugusto/Ponderada_Hermano_ASCII/actions/runs/27202287976
27202287976,55,d498cb8404c05ba69ac15d5d0746f82b42de2b9c,experiment: return to stable final profile,success,37.0,lint,22.0,Install dependencies,16.0,15,0,0.0,0.0,commit_profile_and_step_duration,2026-06-09T11:13:23Z,stable-final,https://github.com/odanielaugusto/Ponderada_Hermano_ASCII/actions/runs/27202287976
27202287976,55,d498cb8404c05ba69ac15d5d0746f82b42de2b9c,experiment: return to stable final profile,success,37.0,lint,22.0,Run Ruff,0.0,15,0,0.0,0.0,commit_profile_and_step_duration,2026-06-09T11:13:23Z,stable-final,https://github.com/odanielaugusto/Ponderada_Hermano_ASCII/actions/runs/27202287976
27202287976,55,d498cb8404c05ba69ac15d5d0746f82b42de2b9c,experiment: return to stable final profile,success,37.0,lint,22.0,Post Setup Python,0.0,15,0,0.0,0.0,commit_profile_and_step_duration,2026-06-09T11:13:23Z,stable-final,https://github.com/odanielaugusto/Ponderada_Hermano_ASCII/actions/runs/27202287976
27202287976,55,d498cb8404c05ba69ac15d5d0746f82b42de2b9c,experiment: return to stable final profile,success,37.0,lint,22.0,Post Checkout,0.0,15,0,0.0,0.0,commit_profile_and_step_duration,2026-06-09T11:13:23Z,stable-final,https://github.com/odanielaugusto/Ponderada_Hermano_ASCII/actions/runs/27202287976
27202287976,55,d498cb8404c05ba69ac15d5d0746f82b42de2b9c,experiment: return to stable final profile,success,37.0,lint,22.0,Complete job,0.0,15,0,0.0,0.0,commit_profile_and_step_duration,2026-06-09T11:13:23Z,stable-final,https://github.com/odanielaugusto/Ponderada_Hermano_ASCII/actions/runs/27202287976
27202287976,55,d498cb8404c05ba69ac15d5d0746f82b42de2b9c,experiment: return to stable final profile,success,37.0,summarize,4.0,Set up job,0.0,15,0,0.0,0.0,commit_profile_and_step_duration,2026-06-09T11:13:23Z,stable-final,https://github.com/odanielaugusto/Ponderada_Hermano_ASCII/actions/runs/27202287976
27202287976,55,d498cb8404c05ba69ac15d5d0746f82b42de2b9c,experiment: return to stable final profile,success,37.0,summarize,4.0,Download test artifact,1.0,15,0,0.0,0.0,commit_profile_and_step_duration,2026-06-09T11:13:23Z,stable-final,https://github.com/odanielaugusto/Ponderada_Hermano_ASCII/actions/runs/27202287976
27202287976,55,d498cb8404c05ba69ac15d5d0746f82b42de2b9c,experiment: return to stable final profile,success,37.0,summarize,4.0,Show run metadata,0.0,15,0,0.0,0.0,commit_profile_and_step_duration,2026-06-09T11:13:23Z,stable-final,https://github.com/odanielaugusto/Ponderada_Hermano_ASCII/actions/runs/27202287976
27202287976,55,d498cb8404c05ba69ac15d5d0746f82b42de2b9c,experiment: return to stable final profile,success,37.0,summarize,4.0,Complete job,0.0,15,0,0.0,0.0,commit_profile_and_step_duration,2026-06-09T11:13:23Z,stable-final,https://github.com/odanielaugusto/Ponderada_Hermano_ASCII/actions/runs/27202287976
27202258201,54,db342b5a89d86984fa1160c458b1692a67280643,experiment: add heavier slow test,success,34.0,tests,25.0,Set up job,1.0,36,0,3.0,0.083,commit_profile_and_step_duration,2026-06-09T11:12:48Z,heavier-slow-test,https://github.com/odanielaugusto/Ponderada_Hermano_ASCII/actions/runs/27202258201
27202258201,54,db342b5a89d86984fa1160c458b1692a67280643,experiment: add heavier slow test,success,34.0,tests,25.0,Checkout,0.0,36,0,3.0,0.083,commit_profile_and_step_duration,2026-06-09T11:12:48Z,heavier-slow-test,https://github.com/odanielaugusto/Ponderada_Hermano_ASCII/actions/runs/27202258201
27202258201,54,db342b5a89d86984fa1160c458b1692a67280643,experiment: add heavier slow test,success,34.0,tests,25.0,Setup Python,2.0,36,0,3.0,0.083,commit_profile_and_step_duration,2026-06-09T11:12:48Z,heavier-slow-test,https://github.com/odanielaugusto/Ponderada_Hermano_ASCII/actions/runs/27202258201
27202258201,54,db342b5a89d86984fa1160c458b1692a67280643,experiment: add heavier slow test,success,34.0,tests,25.0,Install dependencies,16.0,36,0,3.0,0.083,commit_profile_and_step_duration,2026-06-09T11:12:48Z,heavier-slow-test,https://github.com/odanielaugusto/Ponderada_Hermano_ASCII/actions/runs/27202258201
27202258201,54,db342b5a89d86984fa1160c458b1692a67280643,experiment: add heavier slow test,success,34.0,tests,25.0,Run Pytest,3.0,36,0,3.0,0.083,commit_profile_and_step_duration,2026-06-09T11:12:48Z,heavier-slow-test,https://github.com/odanielaugusto/Ponderada_Hermano_ASCII/actions/runs/27202258201
27202258201,54,db342b5a89d86984fa1160c458b1692a67280643,experiment: add heavier slow test,success,34.0,tests,25.0,Write run metadata,0.0,36,0,3.0,0.083,commit_profile_and_step_duration,2026-06-09T11:12:48Z,heavier-slow-test,https://github.com/odanielaugusto/Ponderada_Hermano_ASCII/actions/runs/27202258201
27202258201,54,db342b5a89d86984fa1160c458b1692a67280643,experiment: add heavier slow test,success,34.0,tests,25.0,Upload test artifact,0.0,36,0,3.0,0.083,commit_profile_and_step_duration,2026-06-09T11:12:48Z,heavier-slow-test,https://github.com/odanielaugusto/Ponderada_Hermano_ASCII/actions/runs/27202258201
27202258201,54,db342b5a89d86984fa1160c458b1692a67280643,experiment: add heavier slow test,success,34.0,tests,25.0,Post Setup Python,1.0,36,0,3.0,0.083,commit_profile_and_step_duration,2026-06-09T11:12:48Z,heavier-slow-test,https://github.com/odanielaugusto/Ponderada_Hermano_ASCII/actions/runs/27202258201
27202258201,54,db342b5a89d86984fa1160c458b1692a67280643,experiment: add heavier slow test,success,34.0,tests,25.0,Post Checkout,0.0,36,0,3.0,0.083,commit_profile_and_step_duration,2026-06-09T11:12:48Z,heavier-slow-test,https://github.com/odanielaugusto/Ponderada_Hermano_ASCII/actions/runs/27202258201
27202258201,54,db342b5a89d86984fa1160c458b1692a67280643,experiment: add heavier slow test,success,34.0,tests,25.0,Complete job,0.0,36,0,3.0,0.083,commit_profile_and_step_duration,2026-06-09T11:12:48Z,heavier-slow-test,https://github.com/odanielaugusto/Ponderada_Hermano_ASCII/actions/runs/27202258201
27202258201,54,db342b5a89d86984fa1160c458b1692a67280643,experiment: add heavier slow test,success,34.0,lint,25.0,Set up job,1.0,36,0,3.0,0.083,commit_profile_and_step_duration,2026-06-09T11:12:48Z,heavier-slow-test,https://github.com/odanielaugusto/Ponderada_Hermano_ASCII/actions/runs/27202258201
27202258201,54,db342b5a89d86984fa1160c458b1692a67280643,experiment: add heavier slow test,success,34.0,lint,25.0,Checkout,0.0,36,0,3.0,0.083,commit_profile_and_step_duration,2026-06-09T11:12:48Z,heavier-slow-test,https://github.com/odanielaugusto/Ponderada_Hermano_ASCII/actions/runs/27202258201
27202258201,54,db342b5a89d86984fa1160c458b1692a67280643,experiment: add heavier slow test,success,34.0,lint,25.0,Setup Python,5.0,36,0,3.0,0.083,commit_profile_and_step_duration,2026-06-09T11:12:48Z,heavier-slow-test,https://github.com/odanielaugusto/Ponderada_Hermano_ASCII/actions/runs/27202258201
27202258201,54,db342b5a89d86984fa1160c458b1692a67280643,experiment: add heavier slow test,success,34.0,lint,25.0,Install dependencies,15.0,36,0,3.0,0.083,commit_profile_and_step_duration,2026-06-09T11:12:48Z,heavier-slow-test,https://github.com/odanielaugusto/Ponderada_Hermano_ASCII/actions/runs/27202258201
27202258201,54,db342b5a89d86984fa1160c458b1692a67280643,experiment: add heavier slow test,success,34.0,lint,25.0,Run Ruff,0.0,36,0,3.0,0.083,commit_profile_and_step_duration,2026-06-09T11:12:48Z,heavier-slow-test,https://github.com/odanielaugusto/Ponderada_Hermano_ASCII/actions/runs/27202258201
27202258201,54,db342b5a89d86984fa1160c458b1692a67280643,experiment: add heavier slow test,success,34.0,lint,25.0,Post Setup Python,0.0,36,0,3.0,0.083,commit_profile_and_step_duration,2026-06-09T11:12:48Z,heavier-slow-test,https://github.com/odanielaugusto/Ponderada_Hermano_ASCII/actions/runs/27202258201
27202258201,54,db342b5a89d86984fa1160c458b1692a67280643,experiment: add heavier slow test,success,34.0,lint,25.0,Post Checkout,1.0,36,0,3.0,0.083,commit_profile_and_step_duration,2026-06-09T11:12:48Z,heavier-slow-test,https://github.com/odanielaugusto/Ponderada_Hermano_ASCII/actions/runs/27202258201
27202258201,54,db342b5a89d86984fa1160c458b1692a67280643,experiment: add heavier slow test,success,34.0,lint,25.0,Complete job,0.0,36,0,3.0,0.083,commit_profile_and_step_duration,2026-06-09T11:12:48Z,heavier-slow-test,https://github.com/odanielaugusto/Ponderada_Hermano_ASCII/actions/runs/27202258201
27202258201,54,db342b5a89d86984fa1160c458b1692a67280643,experiment: add heavier slow test,success,34.0,summarize,3.0,Set up job,0.0,36,0,3.0,0.083,commit_profile_and_step_duration,2026-06-09T11:12:48Z,heavier-slow-test,https://github.com/odanielaugusto/Ponderada_Hermano_ASCII/actions/runs/27202258201
27202258201,54,db342b5a89d86984fa1160c458b1692a67280643,experiment: add heavier slow test,success,34.0,summarize,3.0,Download test artifact,1.0,36,0,3.0,0.083,commit_profile_and_step_duration,2026-06-09T11:12:48Z,heavier-slow-test,https://github.com/odanielaugusto/Ponderada_Hermano_ASCII/actions/runs/27202258201
27202258201,54,db342b5a89d86984fa1160c458b1692a67280643,experiment: add heavier slow test,success,34.0,summarize,3.0,Show run metadata,0.0,36,0,3.0,0.083,commit_profile_and_step_duration,2026-06-09T11:12:48Z,heavier-slow-test,https://github.com/odanielaugusto/Ponderada_Hermano_ASCII/actions/runs/27202258201
27202258201,54,db342b5a89d86984fa1160c458b1692a67280643,experiment: add heavier slow test,success,34.0,summarize,3.0,Complete job,0.0,36,0,3.0,0.083,commit_profile_and_step_duration,2026-06-09T11:12:48Z,heavier-slow-test,https://github.com/odanielaugusto/Ponderada_Hermano_ASCII/actions/runs/27202258201
27202236253,53,814e89d9bda5d4187e824a8737debad4e88b39cd,experiment: add larger generated test set,success,44.0,lint,25.0,Set up job,1.0,36,0,1.0,0.028,commit_profile_and_step_duration,2026-06-09T11:12:24Z,large-test-set,https://github.com/odanielaugusto/Ponderada_Hermano_ASCII/actions/runs/27202236253
27202236253,53,814e89d9bda5d4187e824a8737debad4e88b39cd,experiment: add larger generated test set,success,44.0,lint,25.0,Checkout,1.0,36,0,1.0,0.028,commit_profile_and_step_duration,2026-06-09T11:12:24Z,large-test-set,https://github.com/odanielaugusto/Ponderada_Hermano_ASCII/actions/runs/27202236253
27202236253,53,814e89d9bda5d4187e824a8737debad4e88b39cd,experiment: add larger generated test set,success,44.0,lint,25.0,Setup Python,3.0,36,0,1.0,0.028,commit_profile_and_step_duration,2026-06-09T11:12:24Z,large-test-set,https://github.com/odanielaugusto/Ponderada_Hermano_ASCII/actions/runs/27202236253
27202236253,53,814e89d9bda5d4187e824a8737debad4e88b39cd,experiment: add larger generated test set,success,44.0,lint,25.0,Install dependencies,16.0,36,0,1.0,0.028,commit_profile_and_step_duration,2026-06-09T11:12:24Z,large-test-set,https://github.com/odanielaugusto/Ponderada_Hermano_ASCII/actions/runs/27202236253
27202236253,53,814e89d9bda5d4187e824a8737debad4e88b39cd,experiment: add larger generated test set,success,44.0,lint,25.0,Run Ruff,0.0,36,0,1.0,0.028,commit_profile_and_step_duration,2026-06-09T11:12:24Z,large-test-set,https://github.com/odanielaugusto/Ponderada_Hermano_ASCII/actions/runs/27202236253
27202236253,53,814e89d9bda5d4187e824a8737debad4e88b39cd,experiment: add larger generated test set,success,44.0,lint,25.0,Post Setup Python,0.0,36,0,1.0,0.028,commit_profile_and_step_duration,2026-06-09T11:12:24Z,large-test-set,https://github.com/odanielaugusto/Ponderada_Hermano_ASCII/actions/runs/27202236253
27202236253,53,814e89d9bda5d4187e824a8737debad4e88b39cd,experiment: add larger generated test set,success,44.0,lint,25.0,Post Checkout,1.0,36,0,1.0,0.028,commit_profile_and_step_duration,2026-06-09T11:12:24Z,large-test-set,https://github.com/odanielaugusto/Ponderada_Hermano_ASCII/actions/runs/27202236253
27202236253,53,814e89d9bda5d4187e824a8737debad4e88b39cd,experiment: add larger generated test set,success,44.0,lint,25.0,Complete job,0.0,36,0,1.0,0.028,commit_profile_and_step_duration,2026-06-09T11:12:24Z,large-test-set,https://github.com/odanielaugusto/Ponderada_Hermano_ASCII/actions/runs/27202236253
27202236253,53,814e89d9bda5d4187e824a8737debad4e88b39cd,experiment: add larger generated test set,success,44.0,tests,34.0,Set up job,1.0,36,0,1.0,0.028,commit_profile_and_step_duration,2026-06-09T11:12:24Z,large-test-set,https://github.com/odanielaugusto/Ponderada_Hermano_ASCII/actions/runs/27202236253
27202236253,53,814e89d9bda5d4187e824a8737debad4e88b39cd,experiment: add larger generated test set,success,44.0,tests,34.0,Checkout,1.0,36,0,1.0,0.028,commit_profile_and_step_duration,2026-06-09T11:12:24Z,large-test-set,https://github.com/odanielaugusto/Ponderada_Hermano_ASCII/actions/runs/27202236253
27202236253,53,814e89d9bda5d4187e824a8737debad4e88b39cd,experiment: add larger generated test set,success,44.0,tests,34.0,Setup Python,8.0,36,0,1.0,0.028,commit_profile_and_step_duration,2026-06-09T11:12:24Z,large-test-set,https://github.com/odanielaugusto/Ponderada_Hermano_ASCII/actions/runs/27202236253
27202236253,53,814e89d9bda5d4187e824a8737debad4e88b39cd,experiment: add larger generated test set,success,44.0,tests,34.0,Install dependencies,18.0,36,0,1.0,0.028,commit_profile_and_step_duration,2026-06-09T11:12:24Z,large-test-set,https://github.com/odanielaugusto/Ponderada_Hermano_ASCII/actions/runs/27202236253
27202236253,53,814e89d9bda5d4187e824a8737debad4e88b39cd,experiment: add larger generated test set,success,44.0,tests,34.0,Run Pytest,1.0,36,0,1.0,0.028,commit_profile_and_step_duration,2026-06-09T11:12:24Z,large-test-set,https://github.com/odanielaugusto/Ponderada_Hermano_ASCII/actions/runs/27202236253
27202236253,53,814e89d9bda5d4187e824a8737debad4e88b39cd,experiment: add larger generated test set,success,44.0,tests,34.0,Write run metadata,0.0,36,0,1.0,0.028,commit_profile_and_step_duration,2026-06-09T11:12:24Z,large-test-set,https://github.com/odanielaugusto/Ponderada_Hermano_ASCII/actions/runs/27202236253
27202236253,53,814e89d9bda5d4187e824a8737debad4e88b39cd,experiment: add larger generated test set,success,44.0,tests,34.0,Upload test artifact,1.0,36,0,1.0,0.028,commit_profile_and_step_duration,2026-06-09T11:12:24Z,large-test-set,https://github.com/odanielaugusto/Ponderada_Hermano_ASCII/actions/runs/27202236253
27202236253,53,814e89d9bda5d4187e824a8737debad4e88b39cd,experiment: add larger generated test set,success,44.0,tests,34.0,Post Setup Python,0.0,36,0,1.0,0.028,commit_profile_and_step_duration,2026-06-09T11:12:24Z,large-test-set,https://github.com/odanielaugusto/Ponderada_Hermano_ASCII/actions/runs/27202236253
27202236253,53,814e89d9bda5d4187e824a8737debad4e88b39cd,experiment: add larger generated test set,success,44.0,tests,34.0,Post Checkout,0.0,36,0,1.0,0.028,commit_profile_and_step_duration,2026-06-09T11:12:24Z,large-test-set,https://github.com/odanielaugusto/Ponderada_Hermano_ASCII/actions/runs/27202236253
27202236253,53,814e89d9bda5d4187e824a8737debad4e88b39cd,experiment: add larger generated test set,success,44.0,tests,34.0,Complete job,0.0,36,0,1.0,0.028,commit_profile_and_step_duration,2026-06-09T11:12:24Z,large-test-set,https://github.com/odanielaugusto/Ponderada_Hermano_ASCII/actions/runs/27202236253
27202236253,53,814e89d9bda5d4187e824a8737debad4e88b39cd,experiment: add larger generated test set,success,44.0,summarize,3.0,Set up job,1.0,36,0,1.0,0.028,commit_profile_and_step_duration,2026-06-09T11:12:24Z,large-test-set,https://github.com/odanielaugusto/Ponderada_Hermano_ASCII/actions/runs/27202236253
27202236253,53,814e89d9bda5d4187e824a8737debad4e88b39cd,experiment: add larger generated test set,success,44.0,summarize,3.0,Download test artifact,1.0,36,0,1.0,0.028,commit_profile_and_step_duration,2026-06-09T11:12:24Z,large-test-set,https://github.com/odanielaugusto/Ponderada_Hermano_ASCII/actions/runs/27202236253
27202236253,53,814e89d9bda5d4187e824a8737debad4e88b39cd,experiment: add larger generated test set,success,44.0,summarize,3.0,Show run metadata,0.0,36,0,1.0,0.028,commit_profile_and_step_duration,2026-06-09T11:12:24Z,large-test-set,https://github.com/odanielaugusto/Ponderada_Hermano_ASCII/actions/runs/27202236253
27202236253,53,814e89d9bda5d4187e824a8737debad4e88b39cd,experiment: add larger generated test set,success,44.0,summarize,3.0,Complete job,0.0,36,0,1.0,0.028,commit_profile_and_step_duration,2026-06-09T11:12:24Z,large-test-set,https://github.com/odanielaugusto/Ponderada_Hermano_ASCII/actions/runs/27202236253
27202213937,52,063ec5f9632e92dc5953c81c6d119a0e47cb307e,ci: restore parallel lint and tests,success,37.0,tests,25.0,Set up job,1.0,19,0,0.0,0.0,commit_profile_and_step_duration,2026-06-09T11:11:58Z,parallel-restored,https://github.com/odanielaugusto/Ponderada_Hermano_ASCII/actions/runs/27202213937
27202213937,52,063ec5f9632e92dc5953c81c6d119a0e47cb307e,ci: restore parallel lint and tests,success,37.0,tests,25.0,Checkout,0.0,19,0,0.0,0.0,commit_profile_and_step_duration,2026-06-09T11:11:58Z,parallel-restored,https://github.com/odanielaugusto/Ponderada_Hermano_ASCII/actions/runs/27202213937
27202213937,52,063ec5f9632e92dc5953c81c6d119a0e47cb307e,ci: restore parallel lint and tests,success,37.0,tests,25.0,Setup Python,3.0,19,0,0.0,0.0,commit_profile_and_step_duration,2026-06-09T11:11:58Z,parallel-restored,https://github.com/odanielaugusto/Ponderada_Hermano_ASCII/actions/runs/27202213937
27202213937,52,063ec5f9632e92dc5953c81c6d119a0e47cb307e,ci: restore parallel lint and tests,success,37.0,tests,25.0,Install dependencies,17.0,19,0,0.0,0.0,commit_profile_and_step_duration,2026-06-09T11:11:58Z,parallel-restored,https://github.com/odanielaugusto/Ponderada_Hermano_ASCII/actions/runs/27202213937
27202213937,52,063ec5f9632e92dc5953c81c6d119a0e47cb307e,ci: restore parallel lint and tests,success,37.0,tests,25.0,Run Pytest,0.0,19,0,0.0,0.0,commit_profile_and_step_duration,2026-06-09T11:11:58Z,parallel-restored,https://github.com/odanielaugusto/Ponderada_Hermano_ASCII/actions/runs/27202213937
27202213937,52,063ec5f9632e92dc5953c81c6d119a0e47cb307e,ci: restore parallel lint and tests,success,37.0,tests,25.0,Write run metadata,0.0,19,0,0.0,0.0,commit_profile_and_step_duration,2026-06-09T11:11:58Z,parallel-restored,https://github.com/odanielaugusto/Ponderada_Hermano_ASCII/actions/runs/27202213937
27202213937,52,063ec5f9632e92dc5953c81c6d119a0e47cb307e,ci: restore parallel lint and tests,success,37.0,tests,25.0,Upload test artifact,1.0,19,0,0.0,0.0,commit_profile_and_step_duration,2026-06-09T11:11:58Z,parallel-restored,https://github.com/odanielaugusto/Ponderada_Hermano_ASCII/actions/runs/27202213937
27202213937,52,063ec5f9632e92dc5953c81c6d119a0e47cb307e,ci: restore parallel lint and tests,success,37.0,tests,25.0,Post Setup Python,0.0,19,0,0.0,0.0,commit_profile_and_step_duration,2026-06-09T11:11:58Z,parallel-restored,https://github.com/odanielaugusto/Ponderada_Hermano_ASCII/actions/runs/27202213937
27202213937,52,063ec5f9632e92dc5953c81c6d119a0e47cb307e,ci: restore parallel lint and tests,success,37.0,tests,25.0,Post Checkout,0.0,19,0,0.0,0.0,commit_profile_and_step_duration,2026-06-09T11:11:58Z,parallel-restored,https://github.com/odanielaugusto/Ponderada_Hermano_ASCII/actions/runs/27202213937
27202213937,52,063ec5f9632e92dc5953c81c6d119a0e47cb307e,ci: restore parallel lint and tests,success,37.0,tests,25.0,Complete job,0.0,19,0,0.0,0.0,commit_profile_and_step_duration,2026-06-09T11:11:58Z,parallel-restored,https://github.com/odanielaugusto/Ponderada_Hermano_ASCII/actions/runs/27202213937
27202213937,52,063ec5f9632e92dc5953c81c6d119a0e47cb307e,ci: restore parallel lint and tests,success,37.0,lint,24.0,Set up job,1.0,19,0,0.0,0.0,commit_profile_and_step_duration,2026-06-09T11:11:58Z,parallel-restored,https://github.com/odanielaugusto/Ponderada_Hermano_ASCII/actions/runs/27202213937
27202213937,52,063ec5f9632e92dc5953c81c6d119a0e47cb307e,ci: restore parallel lint and tests,success,37.0,lint,24.0,Checkout,0.0,19,0,0.0,0.0,commit_profile_and_step_duration,2026-06-09T11:11:58Z,parallel-restored,https://github.com/odanielaugusto/Ponderada_Hermano_ASCII/actions/runs/27202213937
27202213937,52,063ec5f9632e92dc5953c81c6d119a0e47cb307e,ci: restore parallel lint and tests,success,37.0,lint,24.0,Setup Python,4.0,19,0,0.0,0.0,commit_profile_and_step_duration,2026-06-09T11:11:58Z,parallel-restored,https://github.com/odanielaugusto/Ponderada_Hermano_ASCII/actions/runs/27202213937
27202213937,52,063ec5f9632e92dc5953c81c6d119a0e47cb307e,ci: restore parallel lint and tests,success,37.0,lint,24.0,Install dependencies,15.0,19,0,0.0,0.0,commit_profile_and_step_duration,2026-06-09T11:11:58Z,parallel-restored,https://github.com/odanielaugusto/Ponderada_Hermano_ASCII/actions/runs/27202213937
27202213937,52,063ec5f9632e92dc5953c81c6d119a0e47cb307e,ci: restore parallel lint and tests,success,37.0,lint,24.0,Run Ruff,0.0,19,0,0.0,0.0,commit_profile_and_step_duration,2026-06-09T11:11:58Z,parallel-restored,https://github.com/odanielaugusto/Ponderada_Hermano_ASCII/actions/runs/27202213937
27202213937,52,063ec5f9632e92dc5953c81c6d119a0e47cb307e,ci: restore parallel lint and tests,success,37.0,lint,24.0,Post Setup Python,0.0,19,0,0.0,0.0,commit_profile_and_step_duration,2026-06-09T11:11:58Z,parallel-restored,https://github.com/odanielaugusto/Ponderada_Hermano_ASCII/actions/runs/27202213937
27202213937,52,063ec5f9632e92dc5953c81c6d119a0e47cb307e,ci: restore parallel lint and tests,success,37.0,lint,24.0,Post Checkout,0.0,19,0,0.0,0.0,commit_profile_and_step_duration,2026-06-09T11:11:58Z,parallel-restored,https://github.com/odanielaugusto/Ponderada_Hermano_ASCII/actions/runs/27202213937
27202213937,52,063ec5f9632e92dc5953c81c6d119a0e47cb307e,ci: restore parallel lint and tests,success,37.0,lint,24.0,Complete job,0.0,19,0,0.0,0.0,commit_profile_and_step_duration,2026-06-09T11:11:58Z,parallel-restored,https://github.com/odanielaugusto/Ponderada_Hermano_ASCII/actions/runs/27202213937
27202213937,52,063ec5f9632e92dc5953c81c6d119a0e47cb307e,ci: restore parallel lint and tests,success,37.0,summarize,5.0,Set up job,2.0,19,0,0.0,0.0,commit_profile_and_step_duration,2026-06-09T11:11:58Z,parallel-restored,https://github.com/odanielaugusto/Ponderada_Hermano_ASCII/actions/runs/27202213937
27202213937,52,063ec5f9632e92dc5953c81c6d119a0e47cb307e,ci: restore parallel lint and tests,success,37.0,summarize,5.0,Download test artifact,1.0,19,0,0.0,0.0,commit_profile_and_step_duration,2026-06-09T11:11:58Z,parallel-restored,https://github.com/odanielaugusto/Ponderada_Hermano_ASCII/actions/runs/27202213937
27202213937,52,063ec5f9632e92dc5953c81c6d119a0e47cb307e,ci: restore parallel lint and tests,success,37.0,summarize,5.0,Show run metadata,0.0,19,0,0.0,0.0,commit_profile_and_step_duration,2026-06-09T11:11:58Z,parallel-restored,https://github.com/odanielaugusto/Ponderada_Hermano_ASCII/actions/runs/27202213937
27202213937,52,063ec5f9632e92dc5953c81c6d119a0e47cb307e,ci: restore parallel lint and tests,success,37.0,summarize,5.0,Complete job,0.0,19,0,0.0,0.0,commit_profile_and_step_duration,2026-06-09T11:11:58Z,parallel-restored,https://github.com/odanielaugusto/Ponderada_Hermano_ASCII/actions/runs/27202213937
27202190705,51,76bc990f7b120b9b8c0050108451af1d21a9cf5e,ci: run lint after tests sequentially,success,62.0,tests,21.0,Set up job,0.0,19,0,0.0,0.0,commit_profile_and_step_duration,2026-06-09T11:11:31Z,sequential-jobs,https://github.com/odanielaugusto/Ponderada_Hermano_ASCII/actions/runs/27202190705
27202190705,51,76bc990f7b120b9b8c0050108451af1d21a9cf5e,ci: run lint after tests sequentially,success,62.0,tests,21.0,Checkout,1.0,19,0,0.0,0.0,commit_profile_and_step_duration,2026-06-09T11:11:31Z,sequential-jobs,https://github.com/odanielaugusto/Ponderada_Hermano_ASCII/actions/runs/27202190705
27202190705,51,76bc990f7b120b9b8c0050108451af1d21a9cf5e,ci: run lint after tests sequentially,success,62.0,tests,21.0,Setup Python,1.0,19,0,0.0,0.0,commit_profile_and_step_duration,2026-06-09T11:11:31Z,sequential-jobs,https://github.com/odanielaugusto/Ponderada_Hermano_ASCII/actions/runs/27202190705
27202190705,51,76bc990f7b120b9b8c0050108451af1d21a9cf5e,ci: run lint after tests sequentially,success,62.0,tests,21.0,Install dependencies,16.0,19,0,0.0,0.0,commit_profile_and_step_duration,2026-06-09T11:11:31Z,sequential-jobs,https://github.com/odanielaugusto/Ponderada_Hermano_ASCII/actions/runs/27202190705
27202190705,51,76bc990f7b120b9b8c0050108451af1d21a9cf5e,ci: run lint after tests sequentially,success,62.0,tests,21.0,Run Pytest,0.0,19,0,0.0,0.0,commit_profile_and_step_duration,2026-06-09T11:11:31Z,sequential-jobs,https://github.com/odanielaugusto/Ponderada_Hermano_ASCII/actions/runs/27202190705
27202190705,51,76bc990f7b120b9b8c0050108451af1d21a9cf5e,ci: run lint after tests sequentially,success,62.0,tests,21.0,Write run metadata,0.0,19,0,0.0,0.0,commit_profile_and_step_duration,2026-06-09T11:11:31Z,sequential-jobs,https://github.com/odanielaugusto/Ponderada_Hermano_ASCII/actions/runs/27202190705
27202190705,51,76bc990f7b120b9b8c0050108451af1d21a9cf5e,ci: run lint after tests sequentially,success,62.0,tests,21.0,Upload test artifact,1.0,19,0,0.0,0.0,commit_profile_and_step_duration,2026-06-09T11:11:31Z,sequential-jobs,https://github.com/odanielaugusto/Ponderada_Hermano_ASCII/actions/runs/27202190705
27202190705,51,76bc990f7b120b9b8c0050108451af1d21a9cf5e,ci: run lint after tests sequentially,success,62.0,tests,21.0,Post Setup Python,0.0,19,0,0.0,0.0,commit_profile_and_step_duration,2026-06-09T11:11:31Z,sequential-jobs,https://github.com/odanielaugusto/Ponderada_Hermano_ASCII/actions/runs/27202190705
27202190705,51,76bc990f7b120b9b8c0050108451af1d21a9cf5e,ci: run lint after tests sequentially,success,62.0,tests,21.0,Post Checkout,0.0,19,0,0.0,0.0,commit_profile_and_step_duration,2026-06-09T11:11:31Z,sequential-jobs,https://github.com/odanielaugusto/Ponderada_Hermano_ASCII/actions/runs/27202190705
27202190705,51,76bc990f7b120b9b8c0050108451af1d21a9cf5e,ci: run lint after tests sequentially,success,62.0,tests,21.0,Complete job,0.0,19,0,0.0,0.0,commit_profile_and_step_duration,2026-06-09T11:11:31Z,sequential-jobs,https://github.com/odanielaugusto/Ponderada_Hermano_ASCII/actions/runs/27202190705
27202190705,51,76bc990f7b120b9b8c0050108451af1d21a9cf5e,ci: run lint after tests sequentially,success,62.0,lint,24.0,Set up job,1.0,19,0,0.0,0.0,commit_profile_and_step_duration,2026-06-09T11:11:31Z,sequential-jobs,https://github.com/odanielaugusto/Ponderada_Hermano_ASCII/actions/runs/27202190705
27202190705,51,76bc990f7b120b9b8c0050108451af1d21a9cf5e,ci: run lint after tests sequentially,success,62.0,lint,24.0,Checkout,1.0,19,0,0.0,0.0,commit_profile_and_step_duration,2026-06-09T11:11:31Z,sequential-jobs,https://github.com/odanielaugusto/Ponderada_Hermano_ASCII/actions/runs/27202190705
27202190705,51,76bc990f7b120b9b8c0050108451af1d21a9cf5e,ci: run lint after tests sequentially,success,62.0,lint,24.0,Setup Python,4.0,19,0,0.0,0.0,commit_profile_and_step_duration,2026-06-09T11:11:31Z,sequential-jobs,https://github.com/odanielaugusto/Ponderada_Hermano_ASCII/actions/runs/27202190705
27202190705,51,76bc990f7b120b9b8c0050108451af1d21a9cf5e,ci: run lint after tests sequentially,success,62.0,lint,24.0,Install dependencies,15.0,19,0,0.0,0.0,commit_profile_and_step_duration,2026-06-09T11:11:31Z,sequential-jobs,https://github.com/odanielaugusto/Ponderada_Hermano_ASCII/actions/runs/27202190705
27202190705,51,76bc990f7b120b9b8c0050108451af1d21a9cf5e,ci: run lint after tests sequentially,success,62.0,lint,24.0,Run Ruff,0.0,19,0,0.0,0.0,commit_profile_and_step_duration,2026-06-09T11:11:31Z,sequential-jobs,https://github.com/odanielaugusto/Ponderada_Hermano_ASCII/actions/runs/27202190705
27202190705,51,76bc990f7b120b9b8c0050108451af1d21a9cf5e,ci: run lint after tests sequentially,success,62.0,lint,24.0,Post Setup Python,0.0,19,0,0.0,0.0,commit_profile_and_step_duration,2026-06-09T11:11:31Z,sequential-jobs,https://github.com/odanielaugusto/Ponderada_Hermano_ASCII/actions/runs/27202190705
27202190705,51,76bc990f7b120b9b8c0050108451af1d21a9cf5e,ci: run lint after tests sequentially,success,62.0,lint,24.0,Post Checkout,0.0,19,0,0.0,0.0,commit_profile_and_step_duration,2026-06-09T11:11:31Z,sequential-jobs,https://github.com/odanielaugusto/Ponderada_Hermano_ASCII/actions/runs/27202190705
27202190705,51,76bc990f7b120b9b8c0050108451af1d21a9cf5e,ci: run lint after tests sequentially,success,62.0,lint,24.0,Complete job,0.0,19,0,0.0,0.0,commit_profile_and_step_duration,2026-06-09T11:11:31Z,sequential-jobs,https://github.com/odanielaugusto/Ponderada_Hermano_ASCII/actions/runs/27202190705
27202190705,51,76bc990f7b120b9b8c0050108451af1d21a9cf5e,ci: run lint after tests sequentially,success,62.0,summarize,7.0,Set up job,2.0,19,0,0.0,0.0,commit_profile_and_step_duration,2026-06-09T11:11:31Z,sequential-jobs,https://github.com/odanielaugusto/Ponderada_Hermano_ASCII/actions/runs/27202190705
27202190705,51,76bc990f7b120b9b8c0050108451af1d21a9cf5e,ci: run lint after tests sequentially,success,62.0,summarize,7.0,Download test artifact,1.0,19,0,0.0,0.0,commit_profile_and_step_duration,2026-06-09T11:11:31Z,sequential-jobs,https://github.com/odanielaugusto/Ponderada_Hermano_ASCII/actions/runs/27202190705
27202190705,51,76bc990f7b120b9b8c0050108451af1d21a9cf5e,ci: run lint after tests sequentially,success,62.0,summarize,7.0,Show run metadata,0.0,19,0,0.0,0.0,commit_profile_and_step_duration,2026-06-09T11:11:31Z,sequential-jobs,https://github.com/odanielaugusto/Ponderada_Hermano_ASCII/actions/runs/27202190705
27202190705,51,76bc990f7b120b9b8c0050108451af1d21a9cf5e,ci: run lint after tests sequentially,success,62.0,summarize,7.0,Complete job,0.0,19,0,0.0,0.0,commit_profile_and_step_duration,2026-06-09T11:11:31Z,sequential-jobs,https://github.com/odanielaugusto/Ponderada_Hermano_ASCII/actions/runs/27202190705
27202165526,50,9304709bfe5e2c6d51e10a2e63ddbdc66321f0ca,experiment: restore passing tests,success,36.0,lint,27.0,Set up job,1.0,19,0,0.0,0.0,commit_profile_and_step_duration,2026-06-09T11:11:00Z,failure-fixed,https://github.com/odanielaugusto/Ponderada_Hermano_ASCII/actions/runs/27202165526
27202165526,50,9304709bfe5e2c6d51e10a2e63ddbdc66321f0ca,experiment: restore passing tests,success,36.0,lint,27.0,Checkout,1.0,19,0,0.0,0.0,commit_profile_and_step_duration,2026-06-09T11:11:00Z,failure-fixed,https://github.com/odanielaugusto/Ponderada_Hermano_ASCII/actions/runs/27202165526
27202165526,50,9304709bfe5e2c6d51e10a2e63ddbdc66321f0ca,experiment: restore passing tests,success,36.0,lint,27.0,Setup Python,5.0,19,0,0.0,0.0,commit_profile_and_step_duration,2026-06-09T11:11:00Z,failure-fixed,https://github.com/odanielaugusto/Ponderada_Hermano_ASCII/actions/runs/27202165526
27202165526,50,9304709bfe5e2c6d51e10a2e63ddbdc66321f0ca,experiment: restore passing tests,success,36.0,lint,27.0,Install dependencies,16.0,19,0,0.0,0.0,commit_profile_and_step_duration,2026-06-09T11:11:00Z,failure-fixed,https://github.com/odanielaugusto/Ponderada_Hermano_ASCII/actions/runs/27202165526
27202165526,50,9304709bfe5e2c6d51e10a2e63ddbdc66321f0ca,experiment: restore passing tests,success,36.0,lint,27.0,Run Ruff,0.0,19,0,0.0,0.0,commit_profile_and_step_duration,2026-06-09T11:11:00Z,failure-fixed,https://github.com/odanielaugusto/Ponderada_Hermano_ASCII/actions/runs/27202165526
27202165526,50,9304709bfe5e2c6d51e10a2e63ddbdc66321f0ca,experiment: restore passing tests,success,36.0,lint,27.0,Post Setup Python,0.0,19,0,0.0,0.0,commit_profile_and_step_duration,2026-06-09T11:11:00Z,failure-fixed,https://github.com/odanielaugusto/Ponderada_Hermano_ASCII/actions/runs/27202165526
27202165526,50,9304709bfe5e2c6d51e10a2e63ddbdc66321f0ca,experiment: restore passing tests,success,36.0,lint,27.0,Post Checkout,0.0,19,0,0.0,0.0,commit_profile_and_step_duration,2026-06-09T11:11:00Z,failure-fixed,https://github.com/odanielaugusto/Ponderada_Hermano_ASCII/actions/runs/27202165526
27202165526,50,9304709bfe5e2c6d51e10a2e63ddbdc66321f0ca,experiment: restore passing tests,success,36.0,lint,27.0,Complete job,0.0,19,0,0.0,0.0,commit_profile_and_step_duration,2026-06-09T11:11:00Z,failure-fixed,https://github.com/odanielaugusto/Ponderada_Hermano_ASCII/actions/runs/27202165526
27202165526,50,9304709bfe5e2c6d51e10a2e63ddbdc66321f0ca,experiment: restore passing tests,success,36.0,tests,22.0,Set up job,1.0,19,0,0.0,0.0,commit_profile_and_step_duration,2026-06-09T11:11:00Z,failure-fixed,https://github.com/odanielaugusto/Ponderada_Hermano_ASCII/actions/runs/27202165526
27202165526,50,9304709bfe5e2c6d51e10a2e63ddbdc66321f0ca,experiment: restore passing tests,success,36.0,tests,22.0,Checkout,1.0,19,0,0.0,0.0,commit_profile_and_step_duration,2026-06-09T11:11:00Z,failure-fixed,https://github.com/odanielaugusto/Ponderada_Hermano_ASCII/actions/runs/27202165526
27202165526,50,9304709bfe5e2c6d51e10a2e63ddbdc66321f0ca,experiment: restore passing tests,success,36.0,tests,22.0,Setup Python,2.0,19,0,0.0,0.0,commit_profile_and_step_duration,2026-06-09T11:11:00Z,failure-fixed,https://github.com/odanielaugusto/Ponderada_Hermano_ASCII/actions/runs/27202165526
27202165526,50,9304709bfe5e2c6d51e10a2e63ddbdc66321f0ca,experiment: restore passing tests,success,36.0,tests,22.0,Install dependencies,16.0,19,0,0.0,0.0,commit_profile_and_step_duration,2026-06-09T11:11:00Z,failure-fixed,https://github.com/odanielaugusto/Ponderada_Hermano_ASCII/actions/runs/27202165526
27202165526,50,9304709bfe5e2c6d51e10a2e63ddbdc66321f0ca,experiment: restore passing tests,success,36.0,tests,22.0,Run Pytest,0.0,19,0,0.0,0.0,commit_profile_and_step_duration,2026-06-09T11:11:00Z,failure-fixed,https://github.com/odanielaugusto/Ponderada_Hermano_ASCII/actions/runs/27202165526
27202165526,50,9304709bfe5e2c6d51e10a2e63ddbdc66321f0ca,experiment: restore passing tests,success,36.0,tests,22.0,Write run metadata,0.0,19,0,0.0,0.0,commit_profile_and_step_duration,2026-06-09T11:11:00Z,failure-fixed,https://github.com/odanielaugusto/Ponderada_Hermano_ASCII/actions/runs/27202165526
27202165526,50,9304709bfe5e2c6d51e10a2e63ddbdc66321f0ca,experiment: restore passing tests,success,36.0,tests,22.0,Upload test artifact,1.0,19,0,0.0,0.0,commit_profile_and_step_duration,2026-06-09T11:11:00Z,failure-fixed,https://github.com/odanielaugusto/Ponderada_Hermano_ASCII/actions/runs/27202165526
27202165526,50,9304709bfe5e2c6d51e10a2e63ddbdc66321f0ca,experiment: restore passing tests,success,36.0,tests,22.0,Post Setup Python,0.0,19,0,0.0,0.0,commit_profile_and_step_duration,2026-06-09T11:11:00Z,failure-fixed,https://github.com/odanielaugusto/Ponderada_Hermano_ASCII/actions/runs/27202165526
27202165526,50,9304709bfe5e2c6d51e10a2e63ddbdc66321f0ca,experiment: restore passing tests,success,36.0,tests,22.0,Post Checkout,0.0,19,0,0.0,0.0,commit_profile_and_step_duration,2026-06-09T11:11:00Z,failure-fixed,https://github.com/odanielaugusto/Ponderada_Hermano_ASCII/actions/runs/27202165526
27202165526,50,9304709bfe5e2c6d51e10a2e63ddbdc66321f0ca,experiment: restore passing tests,success,36.0,tests,22.0,Complete job,0.0,19,0,0.0,0.0,commit_profile_and_step_duration,2026-06-09T11:11:00Z,failure-fixed,https://github.com/odanielaugusto/Ponderada_Hermano_ASCII/actions/runs/27202165526
27202165526,50,9304709bfe5e2c6d51e10a2e63ddbdc66321f0ca,experiment: restore passing tests,success,36.0,summarize,3.0,Set up job,1.0,19,0,0.0,0.0,commit_profile_and_step_duration,2026-06-09T11:11:00Z,failure-fixed,https://github.com/odanielaugusto/Ponderada_Hermano_ASCII/actions/runs/27202165526
27202165526,50,9304709bfe5e2c6d51e10a2e63ddbdc66321f0ca,experiment: restore passing tests,success,36.0,summarize,3.0,Download test artifact,0.0,19,0,0.0,0.0,commit_profile_and_step_duration,2026-06-09T11:11:00Z,failure-fixed,https://github.com/odanielaugusto/Ponderada_Hermano_ASCII/actions/runs/27202165526
27202165526,50,9304709bfe5e2c6d51e10a2e63ddbdc66321f0ca,experiment: restore passing tests,success,36.0,summarize,3.0,Show run metadata,1.0,19,0,0.0,0.0,commit_profile_and_step_duration,2026-06-09T11:11:00Z,failure-fixed,https://github.com/odanielaugusto/Ponderada_Hermano_ASCII/actions/runs/27202165526
27202165526,50,9304709bfe5e2c6d51e10a2e63ddbdc66321f0ca,experiment: restore passing tests,success,36.0,summarize,3.0,Complete job,0.0,19,0,0.0,0.0,commit_profile_and_step_duration,2026-06-09T11:11:00Z,failure-fixed,https://github.com/odanielaugusto/Ponderada_Hermano_ASCII/actions/runs/27202165526
27202141016,49,544539e64d2a19facd1b7076c59105f76d865b6f,experiment: force controlled test failure,failure,35.0,lint,23.0,Set up job,0.0,19,1,0.0,0.0,commit_profile_and_step_duration,2026-06-09T11:10:32Z,controlled-failure,https://github.com/odanielaugusto/Ponderada_Hermano_ASCII/actions/runs/27202141016
27202141016,49,544539e64d2a19facd1b7076c59105f76d865b6f,experiment: force controlled test failure,failure,35.0,lint,23.0,Checkout,1.0,19,1,0.0,0.0,commit_profile_and_step_duration,2026-06-09T11:10:32Z,controlled-failure,https://github.com/odanielaugusto/Ponderada_Hermano_ASCII/actions/runs/27202141016
27202141016,49,544539e64d2a19facd1b7076c59105f76d865b6f,experiment: force controlled test failure,failure,35.0,lint,23.0,Setup Python,2.0,19,1,0.0,0.0,commit_profile_and_step_duration,2026-06-09T11:10:32Z,controlled-failure,https://github.com/odanielaugusto/Ponderada_Hermano_ASCII/actions/runs/27202141016
27202141016,49,544539e64d2a19facd1b7076c59105f76d865b6f,experiment: force controlled test failure,failure,35.0,lint,23.0,Install dependencies,17.0,19,1,0.0,0.0,commit_profile_and_step_duration,2026-06-09T11:10:32Z,controlled-failure,https://github.com/odanielaugusto/Ponderada_Hermano_ASCII/actions/runs/27202141016
27202141016,49,544539e64d2a19facd1b7076c59105f76d865b6f,experiment: force controlled test failure,failure,35.0,lint,23.0,Run Ruff,0.0,19,1,0.0,0.0,commit_profile_and_step_duration,2026-06-09T11:10:32Z,controlled-failure,https://github.com/odanielaugusto/Ponderada_Hermano_ASCII/actions/runs/27202141016
27202141016,49,544539e64d2a19facd1b7076c59105f76d865b6f,experiment: force controlled test failure,failure,35.0,lint,23.0,Post Setup Python,0.0,19,1,0.0,0.0,commit_profile_and_step_duration,2026-06-09T11:10:32Z,controlled-failure,https://github.com/odanielaugusto/Ponderada_Hermano_ASCII/actions/runs/27202141016
27202141016,49,544539e64d2a19facd1b7076c59105f76d865b6f,experiment: force controlled test failure,failure,35.0,lint,23.0,Post Checkout,1.0,19,1,0.0,0.0,commit_profile_and_step_duration,2026-06-09T11:10:32Z,controlled-failure,https://github.com/odanielaugusto/Ponderada_Hermano_ASCII/actions/runs/27202141016
27202141016,49,544539e64d2a19facd1b7076c59105f76d865b6f,experiment: force controlled test failure,failure,35.0,lint,23.0,Complete job,0.0,19,1,0.0,0.0,commit_profile_and_step_duration,2026-06-09T11:10:32Z,controlled-failure,https://github.com/odanielaugusto/Ponderada_Hermano_ASCII/actions/runs/27202141016
27202141016,49,544539e64d2a19facd1b7076c59105f76d865b6f,experiment: force controlled test failure,failure,35.0,tests,23.0,Set up job,1.0,19,1,0.0,0.0,commit_profile_and_step_duration,2026-06-09T11:10:32Z,controlled-failure,https://github.com/odanielaugusto/Ponderada_Hermano_ASCII/actions/runs/27202141016
27202141016,49,544539e64d2a19facd1b7076c59105f76d865b6f,experiment: force controlled test failure,failure,35.0,tests,23.0,Checkout,1.0,19,1,0.0,0.0,commit_profile_and_step_duration,2026-06-09T11:10:32Z,controlled-failure,https://github.com/odanielaugusto/Ponderada_Hermano_ASCII/actions/runs/27202141016
27202141016,49,544539e64d2a19facd1b7076c59105f76d865b6f,experiment: force controlled test failure,failure,35.0,tests,23.0,Setup Python,1.0,19,1,0.0,0.0,commit_profile_and_step_duration,2026-06-09T11:10:32Z,controlled-failure,https://github.com/odanielaugusto/Ponderada_Hermano_ASCII/actions/runs/27202141016
27202141016,49,544539e64d2a19facd1b7076c59105f76d865b6f,experiment: force controlled test failure,failure,35.0,tests,23.0,Install dependencies,17.0,19,1,0.0,0.0,commit_profile_and_step_duration,2026-06-09T11:10:32Z,controlled-failure,https://github.com/odanielaugusto/Ponderada_Hermano_ASCII/actions/runs/27202141016
27202141016,49,544539e64d2a19facd1b7076c59105f76d865b6f,experiment: force controlled test failure,failure,35.0,tests,23.0,Run Pytest,0.0,19,1,0.0,0.0,commit_profile_and_step_duration,2026-06-09T11:10:32Z,controlled-failure,https://github.com/odanielaugusto/Ponderada_Hermano_ASCII/actions/runs/27202141016
27202141016,49,544539e64d2a19facd1b7076c59105f76d865b6f,experiment: force controlled test failure,failure,35.0,tests,23.0,Write run metadata,0.0,19,1,0.0,0.0,commit_profile_and_step_duration,2026-06-09T11:10:32Z,controlled-failure,https://github.com/odanielaugusto/Ponderada_Hermano_ASCII/actions/runs/27202141016
27202141016,49,544539e64d2a19facd1b7076c59105f76d865b6f,experiment: force controlled test failure,failure,35.0,tests,23.0,Upload test artifact,1.0,19,1,0.0,0.0,commit_profile_and_step_duration,2026-06-09T11:10:32Z,controlled-failure,https://github.com/odanielaugusto/Ponderada_Hermano_ASCII/actions/runs/27202141016
27202141016,49,544539e64d2a19facd1b7076c59105f76d865b6f,experiment: force controlled test failure,failure,35.0,tests,23.0,Post Setup Python,0.0,19,1,0.0,0.0,commit_profile_and_step_duration,2026-06-09T11:10:32Z,controlled-failure,https://github.com/odanielaugusto/Ponderada_Hermano_ASCII/actions/runs/27202141016
27202141016,49,544539e64d2a19facd1b7076c59105f76d865b6f,experiment: force controlled test failure,failure,35.0,tests,23.0,Post Checkout,0.0,19,1,0.0,0.0,commit_profile_and_step_duration,2026-06-09T11:10:32Z,controlled-failure,https://github.com/odanielaugusto/Ponderada_Hermano_ASCII/actions/runs/27202141016
27202141016,49,544539e64d2a19facd1b7076c59105f76d865b6f,experiment: force controlled test failure,failure,35.0,tests,23.0,Complete job,0.0,19,1,0.0,0.0,commit_profile_and_step_duration,2026-06-09T11:10:32Z,controlled-failure,https://github.com/odanielaugusto/Ponderada_Hermano_ASCII/actions/runs/27202141016
27202141016,49,544539e64d2a19facd1b7076c59105f76d865b6f,experiment: force controlled test failure,failure,35.0,summarize,5.0,Set up job,1.0,19,1,0.0,0.0,commit_profile_and_step_duration,2026-06-09T11:10:32Z,controlled-failure,https://github.com/odanielaugusto/Ponderada_Hermano_ASCII/actions/runs/27202141016
27202141016,49,544539e64d2a19facd1b7076c59105f76d865b6f,experiment: force controlled test failure,failure,35.0,summarize,5.0,Download test artifact,1.0,19,1,0.0,0.0,commit_profile_and_step_duration,2026-06-09T11:10:32Z,controlled-failure,https://github.com/odanielaugusto/Ponderada_Hermano_ASCII/actions/runs/27202141016
27202141016,49,544539e64d2a19facd1b7076c59105f76d865b6f,experiment: force controlled test failure,failure,35.0,summarize,5.0,Show run metadata,0.0,19,1,0.0,0.0,commit_profile_and_step_duration,2026-06-09T11:10:32Z,controlled-failure,https://github.com/odanielaugusto/Ponderada_Hermano_ASCII/actions/runs/27202141016
27202141016,49,544539e64d2a19facd1b7076c59105f76d865b6f,experiment: force controlled test failure,failure,35.0,summarize,5.0,Complete job,0.0,19,1,0.0,0.0,commit_profile_and_step_duration,2026-06-09T11:10:32Z,controlled-failure,https://github.com/odanielaugusto/Ponderada_Hermano_ASCII/actions/runs/27202141016
27202114138,48,5b0c9241e04fbf522df368d1b2972cd302cc0989,ci: restore dependency cache,success,32.0,lint,22.0,Set up job,1.0,19,0,0.0,0.0,commit_profile_and_step_duration,2026-06-09T11:10:01Z,cache-restored,https://github.com/odanielaugusto/Ponderada_Hermano_ASCII/actions/runs/27202114138
27202114138,48,5b0c9241e04fbf522df368d1b2972cd302cc0989,ci: restore dependency cache,success,32.0,lint,22.0,Checkout,1.0,19,0,0.0,0.0,commit_profile_and_step_duration,2026-06-09T11:10:01Z,cache-restored,https://github.com/odanielaugusto/Ponderada_Hermano_ASCII/actions/runs/27202114138
27202114138,48,5b0c9241e04fbf522df368d1b2972cd302cc0989,ci: restore dependency cache,success,32.0,lint,22.0,Setup Python,1.0,19,0,0.0,0.0,commit_profile_and_step_duration,2026-06-09T11:10:01Z,cache-restored,https://github.com/odanielaugusto/Ponderada_Hermano_ASCII/actions/runs/27202114138
27202114138,48,5b0c9241e04fbf522df368d1b2972cd302cc0989,ci: restore dependency cache,success,32.0,lint,22.0,Install dependencies,17.0,19,0,0.0,0.0,commit_profile_and_step_duration,2026-06-09T11:10:01Z,cache-restored,https://github.com/odanielaugusto/Ponderada_Hermano_ASCII/actions/runs/27202114138
27202114138,48,5b0c9241e04fbf522df368d1b2972cd302cc0989,ci: restore dependency cache,success,32.0,lint,22.0,Run Ruff,0.0,19,0,0.0,0.0,commit_profile_and_step_duration,2026-06-09T11:10:01Z,cache-restored,https://github.com/odanielaugusto/Ponderada_Hermano_ASCII/actions/runs/27202114138
27202114138,48,5b0c9241e04fbf522df368d1b2972cd302cc0989,ci: restore dependency cache,success,32.0,lint,22.0,Post Setup Python,0.0,19,0,0.0,0.0,commit_profile_and_step_duration,2026-06-09T11:10:01Z,cache-restored,https://github.com/odanielaugusto/Ponderada_Hermano_ASCII/actions/runs/27202114138
27202114138,48,5b0c9241e04fbf522df368d1b2972cd302cc0989,ci: restore dependency cache,success,32.0,lint,22.0,Post Checkout,0.0,19,0,0.0,0.0,commit_profile_and_step_duration,2026-06-09T11:10:01Z,cache-restored,https://github.com/odanielaugusto/Ponderada_Hermano_ASCII/actions/runs/27202114138
27202114138,48,5b0c9241e04fbf522df368d1b2972cd302cc0989,ci: restore dependency cache,success,32.0,lint,22.0,Complete job,0.0,19,0,0.0,0.0,commit_profile_and_step_duration,2026-06-09T11:10:01Z,cache-restored,https://github.com/odanielaugusto/Ponderada_Hermano_ASCII/actions/runs/27202114138
27202114138,48,5b0c9241e04fbf522df368d1b2972cd302cc0989,ci: restore dependency cache,success,32.0,tests,21.0,Set up job,0.0,19,0,0.0,0.0,commit_profile_and_step_duration,2026-06-09T11:10:01Z,cache-restored,https://github.com/odanielaugusto/Ponderada_Hermano_ASCII/actions/runs/27202114138
27202114138,48,5b0c9241e04fbf522df368d1b2972cd302cc0989,ci: restore dependency cache,success,32.0,tests,21.0,Checkout,1.0,19,0,0.0,0.0,commit_profile_and_step_duration,2026-06-09T11:10:01Z,cache-restored,https://github.com/odanielaugusto/Ponderada_Hermano_ASCII/actions/runs/27202114138
27202114138,48,5b0c9241e04fbf522df368d1b2972cd302cc0989,ci: restore dependency cache,success,32.0,tests,21.0,Setup Python,2.0,19,0,0.0,0.0,commit_profile_and_step_duration,2026-06-09T11:10:01Z,cache-restored,https://github.com/odanielaugusto/Ponderada_Hermano_ASCII/actions/runs/27202114138
27202114138,48,5b0c9241e04fbf522df368d1b2972cd302cc0989,ci: restore dependency cache,success,32.0,tests,21.0,Install dependencies,15.0,19,0,0.0,0.0,commit_profile_and_step_duration,2026-06-09T11:10:01Z,cache-restored,https://github.com/odanielaugusto/Ponderada_Hermano_ASCII/actions/runs/27202114138
27202114138,48,5b0c9241e04fbf522df368d1b2972cd302cc0989,ci: restore dependency cache,success,32.0,tests,21.0,Run Pytest,0.0,19,0,0.0,0.0,commit_profile_and_step_duration,2026-06-09T11:10:01Z,cache-restored,https://github.com/odanielaugusto/Ponderada_Hermano_ASCII/actions/runs/27202114138
27202114138,48,5b0c9241e04fbf522df368d1b2972cd302cc0989,ci: restore dependency cache,success,32.0,tests,21.0,Write run metadata,0.0,19,0,0.0,0.0,commit_profile_and_step_duration,2026-06-09T11:10:01Z,cache-restored,https://github.com/odanielaugusto/Ponderada_Hermano_ASCII/actions/runs/27202114138
27202114138,48,5b0c9241e04fbf522df368d1b2972cd302cc0989,ci: restore dependency cache,success,32.0,tests,21.0,Upload test artifact,1.0,19,0,0.0,0.0,commit_profile_and_step_duration,2026-06-09T11:10:01Z,cache-restored,https://github.com/odanielaugusto/Ponderada_Hermano_ASCII/actions/runs/27202114138
27202114138,48,5b0c9241e04fbf522df368d1b2972cd302cc0989,ci: restore dependency cache,success,32.0,tests,21.0,Post Setup Python,0.0,19,0,0.0,0.0,commit_profile_and_step_duration,2026-06-09T11:10:01Z,cache-restored,https://github.com/odanielaugusto/Ponderada_Hermano_ASCII/actions/runs/27202114138
27202114138,48,5b0c9241e04fbf522df368d1b2972cd302cc0989,ci: restore dependency cache,success,32.0,tests,21.0,Post Checkout,0.0,19,0,0.0,0.0,commit_profile_and_step_duration,2026-06-09T11:10:01Z,cache-restored,https://github.com/odanielaugusto/Ponderada_Hermano_ASCII/actions/runs/27202114138
27202114138,48,5b0c9241e04fbf522df368d1b2972cd302cc0989,ci: restore dependency cache,success,32.0,tests,21.0,Complete job,0.0,19,0,0.0,0.0,commit_profile_and_step_duration,2026-06-09T11:10:01Z,cache-restored,https://github.com/odanielaugusto/Ponderada_Hermano_ASCII/actions/runs/27202114138
27202114138,48,5b0c9241e04fbf522df368d1b2972cd302cc0989,ci: restore dependency cache,success,32.0,summarize,4.0,Set up job,1.0,19,0,0.0,0.0,commit_profile_and_step_duration,2026-06-09T11:10:01Z,cache-restored,https://github.com/odanielaugusto/Ponderada_Hermano_ASCII/actions/runs/27202114138
27202114138,48,5b0c9241e04fbf522df368d1b2972cd302cc0989,ci: restore dependency cache,success,32.0,summarize,4.0,Download test artifact,1.0,19,0,0.0,0.0,commit_profile_and_step_duration,2026-06-09T11:10:01Z,cache-restored,https://github.com/odanielaugusto/Ponderada_Hermano_ASCII/actions/runs/27202114138
27202114138,48,5b0c9241e04fbf522df368d1b2972cd302cc0989,ci: restore dependency cache,success,32.0,summarize,4.0,Show run metadata,0.0,19,0,0.0,0.0,commit_profile_and_step_duration,2026-06-09T11:10:01Z,cache-restored,https://github.com/odanielaugusto/Ponderada_Hermano_ASCII/actions/runs/27202114138
27202114138,48,5b0c9241e04fbf522df368d1b2972cd302cc0989,ci: restore dependency cache,success,32.0,summarize,4.0,Complete job,0.0,19,0,0.0,0.0,commit_profile_and_step_duration,2026-06-09T11:10:01Z,cache-restored,https://github.com/odanielaugusto/Ponderada_Hermano_ASCII/actions/runs/27202114138
27202082896,47,100fbb9997171f5574bf1f87c595c3d0a0ec9a57,ci: disable dependency cache for experiment,success,36.0,lint,21.0,Set up job,1.0,19,0,0.0,0.0,commit_profile_and_step_duration,2026-06-09T11:09:26Z,cache-off,https://github.com/odanielaugusto/Ponderada_Hermano_ASCII/actions/runs/27202082896
27202082896,47,100fbb9997171f5574bf1f87c595c3d0a0ec9a57,ci: disable dependency cache for experiment,success,36.0,lint,21.0,Checkout,0.0,19,0,0.0,0.0,commit_profile_and_step_duration,2026-06-09T11:09:26Z,cache-off,https://github.com/odanielaugusto/Ponderada_Hermano_ASCII/actions/runs/27202082896
27202082896,47,100fbb9997171f5574bf1f87c595c3d0a0ec9a57,ci: disable dependency cache for experiment,success,36.0,lint,21.0,Setup Python,0.0,19,0,0.0,0.0,commit_profile_and_step_duration,2026-06-09T11:09:26Z,cache-off,https://github.com/odanielaugusto/Ponderada_Hermano_ASCII/actions/runs/27202082896
27202082896,47,100fbb9997171f5574bf1f87c595c3d0a0ec9a57,ci: disable dependency cache for experiment,success,36.0,lint,21.0,Install dependencies,17.0,19,0,0.0,0.0,commit_profile_and_step_duration,2026-06-09T11:09:26Z,cache-off,https://github.com/odanielaugusto/Ponderada_Hermano_ASCII/actions/runs/27202082896
27202082896,47,100fbb9997171f5574bf1f87c595c3d0a0ec9a57,ci: disable dependency cache for experiment,success,36.0,lint,21.0,Run Ruff,0.0,19,0,0.0,0.0,commit_profile_and_step_duration,2026-06-09T11:09:26Z,cache-off,https://github.com/odanielaugusto/Ponderada_Hermano_ASCII/actions/runs/27202082896
27202082896,47,100fbb9997171f5574bf1f87c595c3d0a0ec9a57,ci: disable dependency cache for experiment,success,36.0,lint,21.0,Post Setup Python,0.0,19,0,0.0,0.0,commit_profile_and_step_duration,2026-06-09T11:09:26Z,cache-off,https://github.com/odanielaugusto/Ponderada_Hermano_ASCII/actions/runs/27202082896
27202082896,47,100fbb9997171f5574bf1f87c595c3d0a0ec9a57,ci: disable dependency cache for experiment,success,36.0,lint,21.0,Post Checkout,0.0,19,0,0.0,0.0,commit_profile_and_step_duration,2026-06-09T11:09:26Z,cache-off,https://github.com/odanielaugusto/Ponderada_Hermano_ASCII/actions/runs/27202082896
27202082896,47,100fbb9997171f5574bf1f87c595c3d0a0ec9a57,ci: disable dependency cache for experiment,success,36.0,lint,21.0,Complete job,0.0,19,0,0.0,0.0,commit_profile_and_step_duration,2026-06-09T11:09:26Z,cache-off,https://github.com/odanielaugusto/Ponderada_Hermano_ASCII/actions/runs/27202082896
27202082896,47,100fbb9997171f5574bf1f87c595c3d0a0ec9a57,ci: disable dependency cache for experiment,success,36.0,tests,25.0,Set up job,1.0,19,0,0.0,0.0,commit_profile_and_step_duration,2026-06-09T11:09:26Z,cache-off,https://github.com/odanielaugusto/Ponderada_Hermano_ASCII/actions/runs/27202082896
27202082896,47,100fbb9997171f5574bf1f87c595c3d0a0ec9a57,ci: disable dependency cache for experiment,success,36.0,tests,25.0,Checkout,2.0,19,0,0.0,0.0,commit_profile_and_step_duration,2026-06-09T11:09:26Z,cache-off,https://github.com/odanielaugusto/Ponderada_Hermano_ASCII/actions/runs/27202082896
27202082896,47,100fbb9997171f5574bf1f87c595c3d0a0ec9a57,ci: disable dependency cache for experiment,success,36.0,tests,25.0,Setup Python,0.0,19,0,0.0,0.0,commit_profile_and_step_duration,2026-06-09T11:09:26Z,cache-off,https://github.com/odanielaugusto/Ponderada_Hermano_ASCII/actions/runs/27202082896
27202082896,47,100fbb9997171f5574bf1f87c595c3d0a0ec9a57,ci: disable dependency cache for experiment,success,36.0,tests,25.0,Install dependencies,18.0,19,0,0.0,0.0,commit_profile_and_step_duration,2026-06-09T11:09:26Z,cache-off,https://github.com/odanielaugusto/Ponderada_Hermano_ASCII/actions/runs/27202082896
27202082896,47,100fbb9997171f5574bf1f87c595c3d0a0ec9a57,ci: disable dependency cache for experiment,success,36.0,tests,25.0,Run Pytest,0.0,19,0,0.0,0.0,commit_profile_and_step_duration,2026-06-09T11:09:26Z,cache-off,https://github.com/odanielaugusto/Ponderada_Hermano_ASCII/actions/runs/27202082896
27202082896,47,100fbb9997171f5574bf1f87c595c3d0a0ec9a57,ci: disable dependency cache for experiment,success,36.0,tests,25.0,Write run metadata,0.0,19,0,0.0,0.0,commit_profile_and_step_duration,2026-06-09T11:09:26Z,cache-off,https://github.com/odanielaugusto/Ponderada_Hermano_ASCII/actions/runs/27202082896
27202082896,47,100fbb9997171f5574bf1f87c595c3d0a0ec9a57,ci: disable dependency cache for experiment,success,36.0,tests,25.0,Upload test artifact,1.0,19,0,0.0,0.0,commit_profile_and_step_duration,2026-06-09T11:09:26Z,cache-off,https://github.com/odanielaugusto/Ponderada_Hermano_ASCII/actions/runs/27202082896
27202082896,47,100fbb9997171f5574bf1f87c595c3d0a0ec9a57,ci: disable dependency cache for experiment,success,36.0,tests,25.0,Post Setup Python,0.0,19,0,0.0,0.0,commit_profile_and_step_duration,2026-06-09T11:09:26Z,cache-off,https://github.com/odanielaugusto/Ponderada_Hermano_ASCII/actions/runs/27202082896
27202082896,47,100fbb9997171f5574bf1f87c595c3d0a0ec9a57,ci: disable dependency cache for experiment,success,36.0,tests,25.0,Post Checkout,1.0,19,0,0.0,0.0,commit_profile_and_step_duration,2026-06-09T11:09:26Z,cache-off,https://github.com/odanielaugusto/Ponderada_Hermano_ASCII/actions/runs/27202082896
27202082896,47,100fbb9997171f5574bf1f87c595c3d0a0ec9a57,ci: disable dependency cache for experiment,success,36.0,tests,25.0,Complete job,0.0,19,0,0.0,0.0,commit_profile_and_step_duration,2026-06-09T11:09:26Z,cache-off,https://github.com/odanielaugusto/Ponderada_Hermano_ASCII/actions/runs/27202082896
27202082896,47,100fbb9997171f5574bf1f87c595c3d0a0ec9a57,ci: disable dependency cache for experiment,success,36.0,summarize,6.0,Set up job,1.0,19,0,0.0,0.0,commit_profile_and_step_duration,2026-06-09T11:09:26Z,cache-off,https://github.com/odanielaugusto/Ponderada_Hermano_ASCII/actions/runs/27202082896
27202082896,47,100fbb9997171f5574bf1f87c595c3d0a0ec9a57,ci: disable dependency cache for experiment,success,36.0,summarize,6.0,Download test artifact,1.0,19,0,0.0,0.0,commit_profile_and_step_duration,2026-06-09T11:09:26Z,cache-off,https://github.com/odanielaugusto/Ponderada_Hermano_ASCII/actions/runs/27202082896
27202082896,47,100fbb9997171f5574bf1f87c595c3d0a0ec9a57,ci: disable dependency cache for experiment,success,36.0,summarize,6.0,Show run metadata,0.0,19,0,0.0,0.0,commit_profile_and_step_duration,2026-06-09T11:09:26Z,cache-off,https://github.com/odanielaugusto/Ponderada_Hermano_ASCII/actions/runs/27202082896
27202082896,47,100fbb9997171f5574bf1f87c595c3d0a0ec9a57,ci: disable dependency cache for experiment,success,36.0,summarize,6.0,Complete job,0.0,19,0,0.0,0.0,commit_profile_and_step_duration,2026-06-09T11:09:26Z,cache-off,https://github.com/odanielaugusto/Ponderada_Hermano_ASCII/actions/runs/27202082896
27202058738,46,5b7f6a2684f43b7dc8bb8e6f7fd11899fc96dac2,experiment: add slow test scenario,success,35.0,tests,23.0,Set up job,1.0,19,0,1.0,0.053,commit_profile_and_step_duration,2026-06-09T11:08:57Z,slow-tests,https://github.com/odanielaugusto/Ponderada_Hermano_ASCII/actions/runs/27202058738
27202058738,46,5b7f6a2684f43b7dc8bb8e6f7fd11899fc96dac2,experiment: add slow test scenario,success,35.0,tests,23.0,Checkout,1.0,19,0,1.0,0.053,commit_profile_and_step_duration,2026-06-09T11:08:57Z,slow-tests,https://github.com/odanielaugusto/Ponderada_Hermano_ASCII/actions/runs/27202058738
27202058738,46,5b7f6a2684f43b7dc8bb8e6f7fd11899fc96dac2,experiment: add slow test scenario,success,35.0,tests,23.0,Setup Python,1.0,19,0,1.0,0.053,commit_profile_and_step_duration,2026-06-09T11:08:57Z,slow-tests,https://github.com/odanielaugusto/Ponderada_Hermano_ASCII/actions/runs/27202058738
27202058738,46,5b7f6a2684f43b7dc8bb8e6f7fd11899fc96dac2,experiment: add slow test scenario,success,35.0,tests,23.0,Install dependencies,16.0,19,0,1.0,0.053,commit_profile_and_step_duration,2026-06-09T11:08:57Z,slow-tests,https://github.com/odanielaugusto/Ponderada_Hermano_ASCII/actions/runs/27202058738
27202058738,46,5b7f6a2684f43b7dc8bb8e6f7fd11899fc96dac2,experiment: add slow test scenario,success,35.0,tests,23.0,Run Pytest,1.0,19,0,1.0,0.053,commit_profile_and_step_duration,2026-06-09T11:08:57Z,slow-tests,https://github.com/odanielaugusto/Ponderada_Hermano_ASCII/actions/runs/27202058738
27202058738,46,5b7f6a2684f43b7dc8bb8e6f7fd11899fc96dac2,experiment: add slow test scenario,success,35.0,tests,23.0,Write run metadata,1.0,19,0,1.0,0.053,commit_profile_and_step_duration,2026-06-09T11:08:57Z,slow-tests,https://github.com/odanielaugusto/Ponderada_Hermano_ASCII/actions/runs/27202058738
27202058738,46,5b7f6a2684f43b7dc8bb8e6f7fd11899fc96dac2,experiment: add slow test scenario,success,35.0,tests,23.0,Upload test artifact,0.0,19,0,1.0,0.053,commit_profile_and_step_duration,2026-06-09T11:08:57Z,slow-tests,https://github.com/odanielaugusto/Ponderada_Hermano_ASCII/actions/runs/27202058738
27202058738,46,5b7f6a2684f43b7dc8bb8e6f7fd11899fc96dac2,experiment: add slow test scenario,success,35.0,tests,23.0,Post Setup Python,0.0,19,0,1.0,0.053,commit_profile_and_step_duration,2026-06-09T11:08:57Z,slow-tests,https://github.com/odanielaugusto/Ponderada_Hermano_ASCII/actions/runs/27202058738
27202058738,46,5b7f6a2684f43b7dc8bb8e6f7fd11899fc96dac2,experiment: add slow test scenario,success,35.0,tests,23.0,Post Checkout,1.0,19,0,1.0,0.053,commit_profile_and_step_duration,2026-06-09T11:08:57Z,slow-tests,https://github.com/odanielaugusto/Ponderada_Hermano_ASCII/actions/runs/27202058738
27202058738,46,5b7f6a2684f43b7dc8bb8e6f7fd11899fc96dac2,experiment: add slow test scenario,success,35.0,tests,23.0,Complete job,0.0,19,0,1.0,0.053,commit_profile_and_step_duration,2026-06-09T11:08:57Z,slow-tests,https://github.com/odanielaugusto/Ponderada_Hermano_ASCII/actions/runs/27202058738
27202058738,46,5b7f6a2684f43b7dc8bb8e6f7fd11899fc96dac2,experiment: add slow test scenario,success,35.0,lint,20.0,Set up job,1.0,19,0,1.0,0.053,commit_profile_and_step_duration,2026-06-09T11:08:57Z,slow-tests,https://github.com/odanielaugusto/Ponderada_Hermano_ASCII/actions/runs/27202058738
27202058738,46,5b7f6a2684f43b7dc8bb8e6f7fd11899fc96dac2,experiment: add slow test scenario,success,35.0,lint,20.0,Checkout,1.0,19,0,1.0,0.053,commit_profile_and_step_duration,2026-06-09T11:08:57Z,slow-tests,https://github.com/odanielaugusto/Ponderada_Hermano_ASCII/actions/runs/27202058738
27202058738,46,5b7f6a2684f43b7dc8bb8e6f7fd11899fc96dac2,experiment: add slow test scenario,success,35.0,lint,20.0,Setup Python,1.0,19,0,1.0,0.053,commit_profile_and_step_duration,2026-06-09T11:08:57Z,slow-tests,https://github.com/odanielaugusto/Ponderada_Hermano_ASCII/actions/runs/27202058738
27202058738,46,5b7f6a2684f43b7dc8bb8e6f7fd11899fc96dac2,experiment: add slow test scenario,success,35.0,lint,20.0,Install dependencies,15.0,19,0,1.0,0.053,commit_profile_and_step_duration,2026-06-09T11:08:57Z,slow-tests,https://github.com/odanielaugusto/Ponderada_Hermano_ASCII/actions/runs/27202058738
27202058738,46,5b7f6a2684f43b7dc8bb8e6f7fd11899fc96dac2,experiment: add slow test scenario,success,35.0,lint,20.0,Run Ruff,1.0,19,0,1.0,0.053,commit_profile_and_step_duration,2026-06-09T11:08:57Z,slow-tests,https://github.com/odanielaugusto/Ponderada_Hermano_ASCII/actions/runs/27202058738
27202058738,46,5b7f6a2684f43b7dc8bb8e6f7fd11899fc96dac2,experiment: add slow test scenario,success,35.0,lint,20.0,Post Setup Python,0.0,19,0,1.0,0.053,commit_profile_and_step_duration,2026-06-09T11:08:57Z,slow-tests,https://github.com/odanielaugusto/Ponderada_Hermano_ASCII/actions/runs/27202058738
27202058738,46,5b7f6a2684f43b7dc8bb8e6f7fd11899fc96dac2,experiment: add slow test scenario,success,35.0,lint,20.0,Post Checkout,0.0,19,0,1.0,0.053,commit_profile_and_step_duration,2026-06-09T11:08:57Z,slow-tests,https://github.com/odanielaugusto/Ponderada_Hermano_ASCII/actions/runs/27202058738
27202058738,46,5b7f6a2684f43b7dc8bb8e6f7fd11899fc96dac2,experiment: add slow test scenario,success,35.0,lint,20.0,Complete job,0.0,19,0,1.0,0.053,commit_profile_and_step_duration,2026-06-09T11:08:57Z,slow-tests,https://github.com/odanielaugusto/Ponderada_Hermano_ASCII/actions/runs/27202058738
27202058738,46,5b7f6a2684f43b7dc8bb8e6f7fd11899fc96dac2,experiment: add slow test scenario,success,35.0,summarize,6.0,Set up job,2.0,19,0,1.0,0.053,commit_profile_and_step_duration,2026-06-09T11:08:57Z,slow-tests,https://github.com/odanielaugusto/Ponderada_Hermano_ASCII/actions/runs/27202058738
27202058738,46,5b7f6a2684f43b7dc8bb8e6f7fd11899fc96dac2,experiment: add slow test scenario,success,35.0,summarize,6.0,Download test artifact,1.0,19,0,1.0,0.053,commit_profile_and_step_duration,2026-06-09T11:08:57Z,slow-tests,https://github.com/odanielaugusto/Ponderada_Hermano_ASCII/actions/runs/27202058738
27202058738,46,5b7f6a2684f43b7dc8bb8e6f7fd11899fc96dac2,experiment: add slow test scenario,success,35.0,summarize,6.0,Show run metadata,0.0,19,0,1.0,0.053,commit_profile_and_step_duration,2026-06-09T11:08:57Z,slow-tests,https://github.com/odanielaugusto/Ponderada_Hermano_ASCII/actions/runs/27202058738
27202058738,46,5b7f6a2684f43b7dc8bb8e6f7fd11899fc96dac2,experiment: add slow test scenario,success,35.0,summarize,6.0,Complete job,0.0,19,0,1.0,0.053,commit_profile_and_step_duration,2026-06-09T11:08:57Z,slow-tests,https://github.com/odanielaugusto/Ponderada_Hermano_ASCII/actions/runs/27202058738
27202034079,45,0da49f8ed5a5b1c4f3b0c7f24a8f27342be3e8a3,experiment: increase generated tests,success,36.0,tests,27.0,Set up job,1.0,19,0,1.0,0.053,commit_profile_and_step_duration,2026-06-09T11:08:28Z,more-tests,https://github.com/odanielaugusto/Ponderada_Hermano_ASCII/actions/runs/27202034079
27202034079,45,0da49f8ed5a5b1c4f3b0c7f24a8f27342be3e8a3,experiment: increase generated tests,success,36.0,tests,27.0,Checkout,0.0,19,0,1.0,0.053,commit_profile_and_step_duration,2026-06-09T11:08:28Z,more-tests,https://github.com/odanielaugusto/Ponderada_Hermano_ASCII/actions/runs/27202034079
27202034079,45,0da49f8ed5a5b1c4f3b0c7f24a8f27342be3e8a3,experiment: increase generated tests,success,36.0,tests,27.0,Setup Python,4.0,19,0,1.0,0.053,commit_profile_and_step_duration,2026-06-09T11:08:28Z,more-tests,https://github.com/odanielaugusto/Ponderada_Hermano_ASCII/actions/runs/27202034079
27202034079,45,0da49f8ed5a5b1c4f3b0c7f24a8f27342be3e8a3,experiment: increase generated tests,success,36.0,tests,27.0,Install dependencies,16.0,19,0,1.0,0.053,commit_profile_and_step_duration,2026-06-09T11:08:28Z,more-tests,https://github.com/odanielaugusto/Ponderada_Hermano_ASCII/actions/runs/27202034079
27202034079,45,0da49f8ed5a5b1c4f3b0c7f24a8f27342be3e8a3,experiment: increase generated tests,success,36.0,tests,27.0,Run Pytest,1.0,19,0,1.0,0.053,commit_profile_and_step_duration,2026-06-09T11:08:28Z,more-tests,https://github.com/odanielaugusto/Ponderada_Hermano_ASCII/actions/runs/27202034079
27202034079,45,0da49f8ed5a5b1c4f3b0c7f24a8f27342be3e8a3,experiment: increase generated tests,success,36.0,tests,27.0,Write run metadata,0.0,19,0,1.0,0.053,commit_profile_and_step_duration,2026-06-09T11:08:28Z,more-tests,https://github.com/odanielaugusto/Ponderada_Hermano_ASCII/actions/runs/27202034079
27202034079,45,0da49f8ed5a5b1c4f3b0c7f24a8f27342be3e8a3,experiment: increase generated tests,success,36.0,tests,27.0,Upload test artifact,1.0,19,0,1.0,0.053,commit_profile_and_step_duration,2026-06-09T11:08:28Z,more-tests,https://github.com/odanielaugusto/Ponderada_Hermano_ASCII/actions/runs/27202034079
27202034079,45,0da49f8ed5a5b1c4f3b0c7f24a8f27342be3e8a3,experiment: increase generated tests,success,36.0,tests,27.0,Post Setup Python,0.0,19,0,1.0,0.053,commit_profile_and_step_duration,2026-06-09T11:08:28Z,more-tests,https://github.com/odanielaugusto/Ponderada_Hermano_ASCII/actions/runs/27202034079
27202034079,45,0da49f8ed5a5b1c4f3b0c7f24a8f27342be3e8a3,experiment: increase generated tests,success,36.0,tests,27.0,Post Checkout,0.0,19,0,1.0,0.053,commit_profile_and_step_duration,2026-06-09T11:08:28Z,more-tests,https://github.com/odanielaugusto/Ponderada_Hermano_ASCII/actions/runs/27202034079
27202034079,45,0da49f8ed5a5b1c4f3b0c7f24a8f27342be3e8a3,experiment: increase generated tests,success,36.0,tests,27.0,Complete job,0.0,19,0,1.0,0.053,commit_profile_and_step_duration,2026-06-09T11:08:28Z,more-tests,https://github.com/odanielaugusto/Ponderada_Hermano_ASCII/actions/runs/27202034079
27202034079,45,0da49f8ed5a5b1c4f3b0c7f24a8f27342be3e8a3,experiment: increase generated tests,success,36.0,lint,23.0,Set up job,0.0,19,0,1.0,0.053,commit_profile_and_step_duration,2026-06-09T11:08:28Z,more-tests,https://github.com/odanielaugusto/Ponderada_Hermano_ASCII/actions/runs/27202034079
27202034079,45,0da49f8ed5a5b1c4f3b0c7f24a8f27342be3e8a3,experiment: increase generated tests,success,36.0,lint,23.0,Checkout,1.0,19,0,1.0,0.053,commit_profile_and_step_duration,2026-06-09T11:08:28Z,more-tests,https://github.com/odanielaugusto/Ponderada_Hermano_ASCII/actions/runs/27202034079
27202034079,45,0da49f8ed5a5b1c4f3b0c7f24a8f27342be3e8a3,experiment: increase generated tests,success,36.0,lint,23.0,Setup Python,3.0,19,0,1.0,0.053,commit_profile_and_step_duration,2026-06-09T11:08:28Z,more-tests,https://github.com/odanielaugusto/Ponderada_Hermano_ASCII/actions/runs/27202034079
27202034079,45,0da49f8ed5a5b1c4f3b0c7f24a8f27342be3e8a3,experiment: increase generated tests,success,36.0,lint,23.0,Install dependencies,16.0,19,0,1.0,0.053,commit_profile_and_step_duration,2026-06-09T11:08:28Z,more-tests,https://github.com/odanielaugusto/Ponderada_Hermano_ASCII/actions/runs/27202034079
27202034079,45,0da49f8ed5a5b1c4f3b0c7f24a8f27342be3e8a3,experiment: increase generated tests,success,36.0,lint,23.0,Run Ruff,0.0,19,0,1.0,0.053,commit_profile_and_step_duration,2026-06-09T11:08:28Z,more-tests,https://github.com/odanielaugusto/Ponderada_Hermano_ASCII/actions/runs/27202034079
27202034079,45,0da49f8ed5a5b1c4f3b0c7f24a8f27342be3e8a3,experiment: increase generated tests,success,36.0,lint,23.0,Post Setup Python,0.0,19,0,1.0,0.053,commit_profile_and_step_duration,2026-06-09T11:08:28Z,more-tests,https://github.com/odanielaugusto/Ponderada_Hermano_ASCII/actions/runs/27202034079
27202034079,45,0da49f8ed5a5b1c4f3b0c7f24a8f27342be3e8a3,experiment: increase generated tests,success,36.0,lint,23.0,Post Checkout,0.0,19,0,1.0,0.053,commit_profile_and_step_duration,2026-06-09T11:08:28Z,more-tests,https://github.com/odanielaugusto/Ponderada_Hermano_ASCII/actions/runs/27202034079
27202034079,45,0da49f8ed5a5b1c4f3b0c7f24a8f27342be3e8a3,experiment: increase generated tests,success,36.0,lint,23.0,Complete job,0.0,19,0,1.0,0.053,commit_profile_and_step_duration,2026-06-09T11:08:28Z,more-tests,https://github.com/odanielaugusto/Ponderada_Hermano_ASCII/actions/runs/27202034079
27202034079,45,0da49f8ed5a5b1c4f3b0c7f24a8f27342be3e8a3,experiment: increase generated tests,success,36.0,summarize,3.0,Set up job,0.0,19,0,1.0,0.053,commit_profile_and_step_duration,2026-06-09T11:08:28Z,more-tests,https://github.com/odanielaugusto/Ponderada_Hermano_ASCII/actions/runs/27202034079
27202034079,45,0da49f8ed5a5b1c4f3b0c7f24a8f27342be3e8a3,experiment: increase generated tests,success,36.0,summarize,3.0,Download test artifact,1.0,19,0,1.0,0.053,commit_profile_and_step_duration,2026-06-09T11:08:28Z,more-tests,https://github.com/odanielaugusto/Ponderada_Hermano_ASCII/actions/runs/27202034079
27202034079,45,0da49f8ed5a5b1c4f3b0c7f24a8f27342be3e8a3,experiment: increase generated tests,success,36.0,summarize,3.0,Show run metadata,0.0,19,0,1.0,0.053,commit_profile_and_step_duration,2026-06-09T11:08:28Z,more-tests,https://github.com/odanielaugusto/Ponderada_Hermano_ASCII/actions/runs/27202034079
27202034079,45,0da49f8ed5a5b1c4f3b0c7f24a8f27342be3e8a3,experiment: increase generated tests,success,36.0,summarize,3.0,Complete job,0.0,19,0,1.0,0.053,commit_profile_and_step_duration,2026-06-09T11:08:28Z,more-tests,https://github.com/odanielaugusto/Ponderada_Hermano_ASCII/actions/runs/27202034079
27201973821,44,944729b017cfba892d7515d5a804f75abe5291eb,chore: rebuild ascii art ci project,success,36.0,tests,24.0,Set up job,1.0,12,0,1.0,0.083,commit_profile_and_step_duration,2026-06-09T11:07:17Z,baseline,https://github.com/odanielaugusto/Ponderada_Hermano_ASCII/actions/runs/27201973821
27201973821,44,944729b017cfba892d7515d5a804f75abe5291eb,chore: rebuild ascii art ci project,success,36.0,tests,24.0,Checkout,1.0,12,0,1.0,0.083,commit_profile_and_step_duration,2026-06-09T11:07:17Z,baseline,https://github.com/odanielaugusto/Ponderada_Hermano_ASCII/actions/runs/27201973821
27201973821,44,944729b017cfba892d7515d5a804f75abe5291eb,chore: rebuild ascii art ci project,success,36.0,tests,24.0,Setup Python,3.0,12,0,1.0,0.083,commit_profile_and_step_duration,2026-06-09T11:07:17Z,baseline,https://github.com/odanielaugusto/Ponderada_Hermano_ASCII/actions/runs/27201973821
27201973821,44,944729b017cfba892d7515d5a804f75abe5291eb,chore: rebuild ascii art ci project,success,36.0,tests,24.0,Install dependencies,16.0,12,0,1.0,0.083,commit_profile_and_step_duration,2026-06-09T11:07:17Z,baseline,https://github.com/odanielaugusto/Ponderada_Hermano_ASCII/actions/runs/27201973821
27201973821,44,944729b017cfba892d7515d5a804f75abe5291eb,chore: rebuild ascii art ci project,success,36.0,tests,24.0,Run Pytest,1.0,12,0,1.0,0.083,commit_profile_and_step_duration,2026-06-09T11:07:17Z,baseline,https://github.com/odanielaugusto/Ponderada_Hermano_ASCII/actions/runs/27201973821
27201973821,44,944729b017cfba892d7515d5a804f75abe5291eb,chore: rebuild ascii art ci project,success,36.0,tests,24.0,Write run metadata,0.0,12,0,1.0,0.083,commit_profile_and_step_duration,2026-06-09T11:07:17Z,baseline,https://github.com/odanielaugusto/Ponderada_Hermano_ASCII/actions/runs/27201973821
27201973821,44,944729b017cfba892d7515d5a804f75abe5291eb,chore: rebuild ascii art ci project,success,36.0,tests,24.0,Upload test artifact,0.0,12,0,1.0,0.083,commit_profile_and_step_duration,2026-06-09T11:07:17Z,baseline,https://github.com/odanielaugusto/Ponderada_Hermano_ASCII/actions/runs/27201973821
27201973821,44,944729b017cfba892d7515d5a804f75abe5291eb,chore: rebuild ascii art ci project,success,36.0,tests,24.0,Post Setup Python,1.0,12,0,1.0,0.083,commit_profile_and_step_duration,2026-06-09T11:07:17Z,baseline,https://github.com/odanielaugusto/Ponderada_Hermano_ASCII/actions/runs/27201973821
27201973821,44,944729b017cfba892d7515d5a804f75abe5291eb,chore: rebuild ascii art ci project,success,36.0,tests,24.0,Post Checkout,0.0,12,0,1.0,0.083,commit_profile_and_step_duration,2026-06-09T11:07:17Z,baseline,https://github.com/odanielaugusto/Ponderada_Hermano_ASCII/actions/runs/27201973821
27201973821,44,944729b017cfba892d7515d5a804f75abe5291eb,chore: rebuild ascii art ci project,success,36.0,tests,24.0,Complete job,0.0,12,0,1.0,0.083,commit_profile_and_step_duration,2026-06-09T11:07:17Z,baseline,https://github.com/odanielaugusto/Ponderada_Hermano_ASCII/actions/runs/27201973821
27201973821,44,944729b017cfba892d7515d5a804f75abe5291eb,chore: rebuild ascii art ci project,success,36.0,lint,24.0,Set up job,0.0,12,0,1.0,0.083,commit_profile_and_step_duration,2026-06-09T11:07:17Z,baseline,https://github.com/odanielaugusto/Ponderada_Hermano_ASCII/actions/runs/27201973821
27201973821,44,944729b017cfba892d7515d5a804f75abe5291eb,chore: rebuild ascii art ci project,success,36.0,lint,24.0,Checkout,1.0,12,0,1.0,0.083,commit_profile_and_step_duration,2026-06-09T11:07:17Z,baseline,https://github.com/odanielaugusto/Ponderada_Hermano_ASCII/actions/runs/27201973821
27201973821,44,944729b017cfba892d7515d5a804f75abe5291eb,chore: rebuild ascii art ci project,success,36.0,lint,24.0,Setup Python,2.0,12,0,1.0,0.083,commit_profile_and_step_duration,2026-06-09T11:07:17Z,baseline,https://github.com/odanielaugusto/Ponderada_Hermano_ASCII/actions/runs/27201973821
27201973821,44,944729b017cfba892d7515d5a804f75abe5291eb,chore: rebuild ascii art ci project,success,36.0,lint,24.0,Install dependencies,15.0,12,0,1.0,0.083,commit_profile_and_step_duration,2026-06-09T11:07:17Z,baseline,https://github.com/odanielaugusto/Ponderada_Hermano_ASCII/actions/runs/27201973821
27201973821,44,944729b017cfba892d7515d5a804f75abe5291eb,chore: rebuild ascii art ci project,success,36.0,lint,24.0,Run Ruff,0.0,12,0,1.0,0.083,commit_profile_and_step_duration,2026-06-09T11:07:17Z,baseline,https://github.com/odanielaugusto/Ponderada_Hermano_ASCII/actions/runs/27201973821
27201973821,44,944729b017cfba892d7515d5a804f75abe5291eb,chore: rebuild ascii art ci project,success,36.0,lint,24.0,Post Setup Python,3.0,12,0,1.0,0.083,commit_profile_and_step_duration,2026-06-09T11:07:17Z,baseline,https://github.com/odanielaugusto/Ponderada_Hermano_ASCII/actions/runs/27201973821
27201973821,44,944729b017cfba892d7515d5a804f75abe5291eb,chore: rebuild ascii art ci project,success,36.0,lint,24.0,Post Checkout,0.0,12,0,1.0,0.083,commit_profile_and_step_duration,2026-06-09T11:07:17Z,baseline,https://github.com/odanielaugusto/Ponderada_Hermano_ASCII/actions/runs/27201973821
27201973821,44,944729b017cfba892d7515d5a804f75abe5291eb,chore: rebuild ascii art ci project,success,36.0,lint,24.0,Complete job,1.0,12,0,1.0,0.083,commit_profile_and_step_duration,2026-06-09T11:07:17Z,baseline,https://github.com/odanielaugusto/Ponderada_Hermano_ASCII/actions/runs/27201973821
27201973821,44,944729b017cfba892d7515d5a804f75abe5291eb,chore: rebuild ascii art ci project,success,36.0,summarize,5.0,Set up job,2.0,12,0,1.0,0.083,commit_profile_and_step_duration,2026-06-09T11:07:17Z,baseline,https://github.com/odanielaugusto/Ponderada_Hermano_ASCII/actions/runs/27201973821
27201973821,44,944729b017cfba892d7515d5a804f75abe5291eb,chore: rebuild ascii art ci project,success,36.0,summarize,5.0,Download test artifact,1.0,12,0,1.0,0.083,commit_profile_and_step_duration,2026-06-09T11:07:17Z,baseline,https://github.com/odanielaugusto/Ponderada_Hermano_ASCII/actions/runs/27201973821
27201973821,44,944729b017cfba892d7515d5a804f75abe5291eb,chore: rebuild ascii art ci project,success,36.0,summarize,5.0,Show run metadata,0.0,12,0,1.0,0.083,commit_profile_and_step_duration,2026-06-09T11:07:17Z,baseline,https://github.com/odanielaugusto/Ponderada_Hermano_ASCII/actions/runs/27201973821
27201973821,44,944729b017cfba892d7515d5a804f75abe5291eb,chore: rebuild ascii art ci project,success,36.0,summarize,5.0,Complete job,0.0,12,0,1.0,0.083,commit_profile_and_step_duration,2026-06-09T11:07:17Z,baseline,https://github.com/odanielaugusto/Ponderada_Hermano_ASCII/actions/runs/27201973821
